OldSchema,OldName,NewSchema,NewName
dbo,_____ShadowDungeon,dbo,Event_ShadowDungeon
dbo,___SR_GSNpcUniqueIdList,dbo,NPC_GameServerIDs
dbo,___SR_GSSettings,dbo,System_GameServerSettings
dbo,___SR_ShardSettings,dbo,System_ShardSettings
dbo,__AttackRestrictions,dbo,Security_AttackRules
dbo,__Blacklist,dbo,Security_Blacklist
dbo,__Notices,dbo,System_Notices
dbo,__ProxyServices,dbo,System_ProxyServices
dbo,__Settings,dbo,System_Settings
dbo,__Settings_Backup,dbo,System_SettingsBackup
dbo,__Whitelist,dbo,Security_Whitelist
dbo,_AccountSecondaryPassword,dbo,Auth_SecondaryPasswords
dbo,_Achievement,dbo,Achievement_Players
dbo,_AchievementCondition,dbo,Achievement_PlayerConditions
dbo,_ActiveIconsLeftSide,dbo,Style_ActiveLeftIcons
dbo,_ActiveIconsRightSide,dbo,Style_ActiveRightIcons
dbo,_ActiveNameColors,dbo,Style_ActiveNameColors
dbo,_ActiveTitleColors,dbo,Style_ActiveTitleColors
dbo,_ActiveTitleNameNew,dbo,Style_ActiveTitles
dbo,_AsyncFilterCommands,dbo,Command_FilterQueue
dbo,_AsyncFilterCommandsPlanned,dbo,Command_PlannedQueue
dbo,_AsyncGameServerCommands,dbo,Command_GameServerQueue
dbo,_Attendance,dbo,Attendance_Players
dbo,_AttendanceRewardLog,dbo,Attendance_RewardLog
dbo,_AutoEventCommandQueue,dbo,AutoEvent_CommandQueue
dbo,_AutoEventConfig,dbo,AutoEvent_Settings
dbo,_AutoEventReward,dbo,AutoEvent_Rewards
dbo,_AutoEventRound,dbo,AutoEvent_Rounds
dbo,_AutoEventRoundContent,dbo,AutoEvent_RoundContent
dbo,_AutoEventRun,dbo,AutoEvent_Runs
dbo,_AutoEventWinnerLog,dbo,AutoEvent_WinnerLog
dbo,_blocked_skill,dbo,Security_BlockedSkills
dbo,_bypassHwidbyIP,dbo,Auth_HWIDBypassIPs
dbo,_CharacterIconManager,dbo,Style_PlayerIcons
dbo,_CharacterSettings,dbo,Player_Settings
dbo,_CharacterTitleManager,dbo,Style_PlayerTitles
dbo,_CharacterTitleManagerColor,dbo,Style_PlayerTitleColors
dbo,_ClientlessAccounts,dbo,Clientless_Accounts
dbo,_CurrentEventTeamList,dbo,Event_CurrentTeams
dbo,_EventScheduleMeta,dbo,Event_ScheduleVersion
dbo,_FellowSkillData,dbo,Fellow_Skills
dbo,_FilterRegionControl,dbo,Security_RegionFeatures
dbo,_GMIPList,dbo,Auth_GMIPs
dbo,_HwidList,dbo,Auth_HWIDs
dbo,_ItemChest,dbo,Item_Chest
dbo,_KillerAnimationActive,dbo,KillerAnimation_Active
dbo,_KillerAnimationOwned,dbo,KillerAnimation_Owned
dbo,_KillerAnimationPurchaseLog,dbo,KillerAnimation_PurchaseLog
dbo,_KillerAnimations,dbo,KillerAnimation_List
dbo,_LockedItemList,dbo,Item_Locked
dbo,_LuckySpinLog,dbo,LuckySpin_Log
dbo,_LuckySpinRewards,dbo,LuckySpin_Rewards
dbo,_MacroAutoPotion,dbo,Macro_AutoPotion
dbo,_MacroSetting,dbo,Macro_Settings
dbo,_MobAffinityGS,dbo,NPC_MobAffinity
dbo,_NewReverseSavedLocations,dbo,Teleport_SavedLocations
dbo,_PartyData,dbo,Party_Members
dbo,_PartyMatchingCreated,dbo,Party_MatchingLog
dbo,_PvpChallengeArena,dbo,PVP_Arenas
dbo,_PvpChallengeConfig,dbo,PVP_Settings
dbo,_PvpChallengeKillLog,dbo,PVP_KillLog
dbo,_PvpChallengeMatch,dbo,PVP_Matches
dbo,_Rank_Custom1,dbo,Rank_Data01
dbo,_Rank_Custom2,dbo,Rank_Data02
dbo,_Rank_Custom3,dbo,Rank_Data03
dbo,_Rank_Custom4,dbo,Rank_Data04
dbo,_Rank_Custom5,dbo,Rank_Data05
dbo,_Rank_Custom6,dbo,Rank_Data06
dbo,_Rank_Custom7,dbo,Rank_Data07
dbo,_Rank_Custom8,dbo,Rank_Data08
dbo,_Rank_Custom9,dbo,Rank_Data09
dbo,_RefAchievement,dbo,Achievement_List
dbo,_RefAchievementCondition,dbo,Achievement_Conditions
dbo,_RefAttendanceReward,dbo,Attendance_Rewards
dbo,_RefEventRegister,dbo,Event_RegisterSettings
dbo,_RefEventSchedule,dbo,Event_ScheduleSettings
dbo,_RefFellowPetRefObjID,dbo,Fellow_PetObjectIDs
dbo,_RefFellowPetSystem,dbo,Fellow_Settings
dbo,_RefGlobalColor,dbo,Style_GlobalColors
dbo,_RefHideNameRegionsGS,dbo,Security_HideNameRegions
dbo,_RefHideSkillEffect,dbo,Security_HiddenSkillEffects
dbo,_RefIconsMediaPath,dbo,Style_IconFiles
dbo,_RefLoggerMobKill,dbo,Log_MobKillSettings
dbo,_RefMapSettings,dbo,Map_Settings
dbo,_RefNewAvatarMall,dbo,Mall_Avatars
dbo,_RefNewItemMall,dbo,Mall_Items
dbo,_RefNewItemMallCategories,dbo,Mall_Categories
dbo,_RefRankCategories,dbo,Rank_Categories
dbo,_RefTitleNameNew,dbo,Style_Titles
dbo,_RegionAttackRule,dbo,Security_RegionAttackRules
dbo,_Scheduler,dbo,System_Schedule
dbo,_SecureQuickLoginLogs,dbo,QuickLogin_Log
dbo,_SecureQuickLoginServerSecret,dbo,QuickLogin_ServerSecret
dbo,_SecureQuickLoginTokens,dbo,QuickLogin_Tokens
dbo,_ServerAutoCapebyRegionID,dbo,Style_AutoCapeRegions
dbo,_SilkRank,dbo,Rank_Silk
dbo,_SpecialOfferLog,dbo,Offer_PurchaseLog
dbo,_SpecialOffers,dbo,Offer_List
dbo,_StallCreateLog,dbo,Stall_CreateLog
dbo,_TeleportFreezeCommand,dbo,Teleport_FreezeQueue
dbo,_TimedDevillPlus,dbo,Item_TimedDevilPlus
dbo,_TimedItemPlus,dbo,Item_TimedPlus
dbo,_UniqueBuildMap,dbo,Unique_BuildMap
dbo,_WebViewerButtons,dbo,Web_Buttons
dbo,AdminAuditLog,dbo,Admin_AuditLog
dbo,BlockedWords,dbo,Security_BlockedWords
dbo,CharKillLog,dbo,Log_PlayerKills
dbo,ChatLog,dbo,Log_Chat
dbo,EventSchedule,dbo,Event_Schedule
dbo,OfflineStalls,dbo,Stall_Offline
dbo,region_control,dbo,Security_RegionChat
dbo,RegionBlockSkill,dbo,Security_RegionBlockedSkills
dbo,SilkStallTransactions,dbo,Stall_SilkTransactions
dbo,SkillControl,dbo,Security_SkillRules
dbo,teleport_control,dbo,Teleport_RulesLegacy
dbo,TeleportControlRules,dbo,Teleport_TimeRules
